idx,kind,key,seed,route,speed,alt,noise_scale,onset,duration,offset2,detected,ttd_s,alarm_tail_s,fp_decisions
0,benign,benign,30000,survey_box,15.92,63.6,1.467,31.5,19.5,0.0,False,,,1
1,benign,benign,30001,out_and_back,15.93,37.3,0.816,33.0,26.4,0.0,False,,,0
2,benign,benign,30002,perimeter,13.65,44.7,1.561,38.2,24.8,0.0,False,,,0
3,benign,benign,30003,survey_box,14.35,79.7,0.767,34.8,28.8,0.0,False,,,0
4,benign,benign,30004,out_and_back,15.27,70.9,1.049,38.7,29.7,0.0,False,,,0
5,benign,benign,30005,perimeter,8.05,71.0,0.938,42.9,22.2,0.0,False,,,0
6,benign,benign,30006,survey_box,15.62,61.0,1.108,35.6,27.5,0.0,False,,,1
7,benign,benign,30007,out_and_back,12.23,52.4,1.123,32.9,19.1,0.0,False,,,1
8,benign,benign,30008,perimeter,10.43,58.2,0.95,42.1,23.4,0.0,False,,,0
9,benign,benign,30009,survey_box,14.13,55.7,0.805,30.3,28.6,0.0,False,,,0
10,benign,benign,30010,out_and_back,9.72,73.7,0.732,41.7,27.5,0.0,False,,,0
11,benign,benign,30011,perimeter,8.91,61.0,1.544,41.9,23.6,0.0,False,,,1
12,single,gps_spoofing:gradual_drift,30012,survey_box,10.31,71.8,1.336,32.0,21.9,0.0,True,1.0,3.0,1
13,single,gps_spoofing:gradual_drift,30013,out_and_back,14.62,66.4,0.996,48.1,15.6,0.0,True,1.2000000000000028,2.999999999999993,0
14,single,gps_spoofing:gradual_drift,30014,perimeter,11.06,61.2,1.331,52.7,28.1,0.0,True,1.0,3.0,2
15,single,gps_spoofing:gradual_drift,30015,survey_box,15.31,49.3,1.306,43.6,20.5,0.0,True,1.1999999999999957,3.0,0
16,single,gps_spoofing:sudden_offset,30016,out_and_back,11.46,65.4,1.487,41.0,20.7,0.0,True,0.0,2.999999999999993,0
17,single,gps_spoofing:sudden_offset,30017,perimeter,15.02,80.3,1.357,49.5,26.4,0.0,True,0.0,3.0,0
18,single,gps_spoofing:sudden_offset,30018,survey_box,15.89,50.2,1.001,48.8,24.3,0.0,True,0.0,3.0,0
19,single,gps_spoofing:sudden_offset,30019,out_and_back,9.64,70.6,0.839,30.4,23.8,0.0,True,0.0,3.0,0
20,single,gps_spoofing:replay_freeze,30020,perimeter,9.82,83.1,1.336,35.3,23.6,0.0,True,0.6000000000000014,3.0,0
21,single,gps_spoofing:replay_freeze,30021,survey_box,9.66,56.5,0.812,30.5,19.9,0.0,True,0.8000000000000007,3.0,0
22,single,gps_spoofing:replay_freeze,30022,out_and_back,14.38,70.3,1.007,43.1,21.5,0.0,True,0.3999999999999986,3.0,0
23,single,gps_spoofing:replay_freeze,30023,perimeter,15.75,82.6,1.187,45.7,18.0,0.0,True,0.3999999999999986,2.999999999999993,0
24,single,mavlink_anomaly:rogue_sysid,30024,survey_box,9.17,67.4,0.96,53.6,18.9,0.0,True,0.0,0.7999999999999972,0
25,single,mavlink_anomaly:rogue_sysid,30025,out_and_back,9.62,62.4,1.559,47.8,16.7,0.0,True,0.0,21.19999999999999,2
26,single,mavlink_anomaly:rogue_sysid,30026,perimeter,14.4,35.8,0.809,31.7,17.4,0.0,True,0.0,0.7999999999999972,0
27,single,mavlink_anomaly:rogue_sysid,30027,survey_box,12.08,63.8,1.457,37.7,29.7,0.0,True,0.0,0.7999999999999972,1
28,single,mavlink_anomaly:rate_spike,30028,out_and_back,11.44,35.5,1.192,43.5,20.2,0.0,True,0.0,0.8000000000000043,0
29,single,mavlink_anomaly:rate_spike,30029,perimeter,9.96,75.1,1.44,38.6,16.0,0.0,True,0.0,1.0,1
30,single,mavlink_anomaly:rate_spike,30030,survey_box,9.9,51.8,1.489,29.0,28.0,0.0,True,0.0,1.0,2
31,single,mavlink_anomaly:rate_spike,30031,out_and_back,10.66,89.9,0.918,38.5,15.1,0.0,True,0.0,1.0,0
32,single,mavlink_anomaly:seq_scramble,30032,perimeter,10.81,69.5,1.036,38.5,21.8,0.0,True,0.0,0.0,0
33,single,mavlink_anomaly:seq_scramble,30033,survey_box,8.27,41.2,0.996,48.6,24.3,0.0,True,0.0,0.0,0
34,single,mavlink_anomaly:seq_scramble,30034,out_and_back,15.18,55.8,0.734,28.2,16.4,0.0,True,0.0,0.0,0
35,single,mavlink_anomaly:seq_scramble,30035,perimeter,9.17,73.2,1.393,27.2,27.6,0.0,True,0.0,0.19999999999999574,2
36,single,mavlink_anomaly:packet_loss,30036,survey_box,10.32,85.4,0.928,37.1,28.2,0.0,True,0.0,0.7999999999999972,0
37,single,mavlink_anomaly:packet_loss,30037,out_and_back,8.48,75.2,1.21,46.4,27.0,0.0,True,0.19999999999999574,1.0,1
38,single,mavlink_anomaly:packet_loss,30038,perimeter,15.25,81.0,1.52,33.6,21.3,0.0,True,0.3999999999999986,7.400000000000006,1
39,single,mavlink_anomaly:packet_loss,30039,survey_box,15.82,68.2,1.227,29.5,21.8,0.0,True,0.3999999999999986,1.0,2
40,single,command_injection:rogue_command,30040,out_and_back,12.42,42.3,1.159,45.3,16.7,0.0,True,0.19999999999999574,1.6000000000000014,0
41,single,command_injection:rogue_command,30041,perimeter,15.47,79.5,1.563,35.8,28.7,0.0,True,0.19999999999999574,1.5999999999999943,2
42,single,command_injection:rogue_command,30042,survey_box,15.44,42.7,0.923,35.6,18.4,0.0,True,0.19999999999999574,1.6000000000000014,0
43,single,command_injection:rogue_command,30043,out_and_back,10.44,51.0,1.028,30.1,25.8,0.0,True,0.3999999999999986,1.6000000000000014,0
44,single,command_injection:mode_flip,30044,perimeter,13.73,40.5,0.866,41.9,21.3,0.0,True,0.0,2.0,0
45,single,command_injection:mode_flip,30045,survey_box,12.66,36.8,0.936,49.7,23.2,0.0,True,0.19999999999999574,1.6000000000000085,0
46,single,command_injection:mode_flip,30046,out_and_back,8.77,59.8,1.221,47.8,27.5,0.0,True,0.19999999999999574,1.7999999999999972,0
47,single,command_injection:mode_flip,30047,perimeter,14.35,77.4,1.191,25.5,21.7,0.0,True,0.0,29.599999999999994,1
48,single,command_injection:arm_disarm_burst,30048,survey_box,8.32,79.4,0.873,36.5,15.3,0.0,True,0.3999999999999986,1.6000000000000014,0
49,single,command_injection:arm_disarm_burst,30049,out_and_back,15.36,38.3,1.41,55.0,25.9,0.0,True,0.0,27.60000000000001,2
50,single,command_injection:arm_disarm_burst,30050,perimeter,9.0,52.5,1.153,29.7,27.0,0.0,True,0.1999999999999993,1.7999999999999972,0
51,single,command_injection:arm_disarm_burst,30051,survey_box,15.0,67.8,1.134,48.1,16.7,0.0,True,0.3999999999999986,1.8000000000000114,0
52,single,command_injection:gcs_replay,30052,out_and_back,14.35,85.5,0.786,38.2,25.7,0.0,False,,0.0,0
53,single,command_injection:gcs_replay,30053,perimeter,8.5,40.1,1.559,52.4,16.2,0.0,False,,0.0,0
54,single,command_injection:gcs_replay,30054,survey_box,11.59,72.5,1.049,32.9,29.9,0.0,False,,0.0,1
55,single,command_injection:gcs_replay,30055,out_and_back,13.32,78.1,0.783,31.5,26.5,0.0,False,,0.0,0
56,single,telemetry_manipulation:altitude_bias,30056,perimeter,10.16,38.2,0.925,36.0,24.9,0.0,True,0.0,0.0,0
57,single,telemetry_manipulation:altitude_bias,30057,survey_box,8.65,35.3,0.812,52.6,16.8,0.0,True,0.0,0.0,0
58,single,telemetry_manipulation:altitude_bias,30058,out_and_back,9.36,38.7,1.512,51.6,27.3,0.0,True,0.0,0.0,0
59,single,telemetry_manipulation:altitude_bias,30059,perimeter,10.82,70.3,0.837,52.9,20.4,0.0,True,0.0,0.0,0
60,single,telemetry_manipulation:speed_mismatch,30060,survey_box,14.47,68.7,1.293,35.7,23.4,0.0,True,0.0,0.0,0
61,single,telemetry_manipulation:speed_mismatch,30061,out_and_back,14.15,44.3,1.417,36.3,23.4,0.0,True,0.0,0.0,2
62,single,telemetry_manipulation:speed_mismatch,30062,perimeter,14.1,47.0,1.056,49.0,18.0,0.0,True,0.0,0.0,0
63,single,telemetry_manipulation:speed_mismatch,30063,survey_box,13.91,51.0,1.112,52.4,23.7,0.0,True,0.0,0.0,1
64,single,telemetry_manipulation:battery_jump,30064,out_and_back,11.95,74.4,1.24,43.4,20.6,0.0,True,0.20000000000000284,0.7999999999999972,0
65,single,telemetry_manipulation:battery_jump,30065,perimeter,14.41,88.5,0.728,35.2,15.5,0.0,True,0.4000000000000057,0.7999999999999972,0
66,single,telemetry_manipulation:battery_jump,30066,survey_box,14.36,42.7,1.405,45.6,27.5,0.0,True,0.19999999999999574,27.799999999999997,3
67,single,telemetry_manipulation:battery_jump,30067,out_and_back,13.86,81.2,1.196,31.3,19.5,0.0,True,0.3999999999999986,0.7999999999999972,0
68,single,telemetry_manipulation:frozen_attitude,30068,perimeter,13.17,43.0,1.212,28.8,27.4,0.0,True,0.40000000000000213,0.0,3
69,single,telemetry_manipulation:frozen_attitude,30069,survey_box,9.29,88.9,1.258,41.2,21.1,0.0,True,1.5999999999999943,0.0,0
70,single,telemetry_manipulation:frozen_attitude,30070,out_and_back,9.71,67.1,0.735,30.1,21.5,0.0,True,18.799999999999997,0.0,0
71,single,telemetry_manipulation:frozen_attitude,30071,perimeter,15.86,78.6,0.715,50.8,21.4,0.0,True,7.399999999999999,0.0,0
72,single,dos:flood,30072,survey_box,8.34,68.2,0.778,48.1,20.2,0.0,True,0.0,1.0,0
73,single,dos:flood,30073,out_and_back,14.51,39.5,1.435,35.0,21.0,0.0,True,0.0,1.0,3
74,single,dos:flood,30074,perimeter,15.53,59.7,1.322,26.4,23.0,0.0,True,0.0,1.0,0
75,single,dos:flood,30075,survey_box,14.66,65.3,0.86,41.2,29.9,0.0,True,0.0,1.0,0
76,single,dos:blackout,30076,out_and_back,15.71,36.6,1.006,26.2,23.3,0.0,True,0.1999999999999993,2.200000000000003,0
77,single,dos:blackout,30077,perimeter,12.8,80.1,1.137,31.5,29.8,0.0,True,0.1999999999999993,2.799999999999997,1
78,single,dos:blackout,30078,survey_box,13.08,80.4,1.005,43.9,23.8,0.0,True,0.0,1.2000000000000028,0
79,single,dos:blackout,30079,out_and_back,11.84,56.1,0.951,38.4,17.1,0.0,True,0.0,1.6000000000000014,0
80,single,dos:latency,30080,perimeter,9.66,65.2,0.716,43.0,19.6,0.0,True,0.0,1.2000000000000028,0
81,single,dos:latency,30081,survey_box,10.9,89.4,0.884,40.5,26.1,0.0,True,0.0,1.1999999999999886,0
82,single,dos:latency,30082,out_and_back,10.63,57.4,0.708,44.1,21.4,0.0,True,0.0,1.1999999999999886,0
83,single,dos:latency,30083,perimeter,13.12,81.4,0.923,47.5,21.6,0.0,True,0.0,1.2000000000000028,0
84,single,dos:gnss_jamming,30084,survey_box,9.16,71.0,0.961,43.1,28.3,0.0,True,0.7999999999999972,0.0,0
85,single,dos:gnss_jamming,30085,out_and_back,8.87,66.2,1.411,25.8,26.1,0.0,True,0.8000000000000007,0.0,0
86,single,dos:gnss_jamming,30086,perimeter,14.48,78.9,0.853,38.3,19.8,0.0,True,0.7999999999999972,0.0,0
87,single,dos:gnss_jamming,30087,survey_box,9.68,78.1,0.789,30.7,19.9,0.0,True,0.8000000000000007,0.0,0
88,single,firmware_integrity:default,30088,out_and_back,10.51,49.7,0.769,31.4,28.2,0.0,True,0.1999999999999993,0.0,0
89,single,firmware_integrity:default,30089,perimeter,13.8,60.9,1.18,39.2,17.3,0.0,True,0.3999999999999986,0.0,0
90,single,firmware_integrity:default,30090,survey_box,10.33,59.3,1.463,39.0,20.2,0.0,True,0.6000000000000014,0.0,0
91,single,firmware_integrity:default,30091,out_and_back,13.02,65.1,1.055,29.9,22.5,0.0,True,0.8000000000000007,0.0,1
92,combo,gps_spoofing+mavlink_anomaly,30092,perimeter,12.54,47.3,1.103,25.7,18.0,0.0,True,0.0,2.6000000000000014,2
93,combo,gps_spoofing+mavlink_anomaly,30093,survey_box,12.88,66.3,0.775,52.0,29.0,0.0,True,0.0,2.799999999999997,0
94,combo,gps_spoofing+mavlink_anomaly,30094,out_and_back,10.09,48.8,0.925,52.0,20.9,0.0,True,0.0,2.799999999999997,0
95,combo,gps_spoofing+command_injection,30095,perimeter,14.28,69.2,0.925,38.3,22.2,5.0,True,1.3999999999999986,1.5999999999999943,0
96,combo,gps_spoofing+command_injection,30096,survey_box,12.26,38.6,1.579,42.4,21.7,5.0,True,0.8000000000000043,2.0,2
97,combo,gps_spoofing+command_injection,30097,out_and_back,14.38,70.9,0.915,27.8,23.1,5.0,True,1.0,1.6000000000000014,0
98,combo,dos+telemetry_manipulation,30098,perimeter,14.81,72.7,0.818,54.4,25.1,5.0,True,0.0,0.0,0
99,combo,dos+telemetry_manipulation,30099,survey_box,10.23,62.2,0.862,34.7,20.5,5.0,True,0.0,0.0,0
100,combo,dos+telemetry_manipulation,30100,out_and_back,12.94,58.5,1.095,41.7,27.5,5.0,True,0.0,0.0,0
101,combo,telemetry_manipulation+firmware_integrity,30101,perimeter,11.13,35.6,0.711,30.1,19.5,10.0,True,0.0,0.0,0
102,combo,telemetry_manipulation+firmware_integrity,30102,survey_box,10.67,82.6,1.503,34.2,24.5,10.0,True,0.0,0.0,1
103,combo,telemetry_manipulation+firmware_integrity,30103,out_and_back,13.66,47.4,0.84,26.9,26.9,10.0,True,0.0,0.0,0
104,link_fifo_benign,benign,30104,perimeter,11.4,69.1,1.502,29.4,25.6,0.0,False,,,357
105,link_fifo_benign,benign,30105,survey_box,9.73,55.5,0.805,30.4,25.8,0.0,False,,,343
106,link_fifo_benign,benign,30106,out_and_back,13.36,52.7,1.27,28.2,28.3,0.0,False,,,359
107,link_fifo_benign,benign,30107,perimeter,14.99,81.0,1.282,28.0,28.7,0.0,False,,,347
108,link_fifo_benign,benign,30108,survey_box,10.85,39.6,0.87,40.2,28.8,0.0,False,,,331
109,link_fifo_benign,benign,30109,out_and_back,10.65,36.9,0.758,48.4,22.7,0.0,False,,,377
110,link_reorder_benign,benign,30110,perimeter,13.53,46.7,1.115,34.4,18.7,0.0,False,,,575
111,link_reorder_benign,benign,30111,survey_box,15.62,83.1,1.462,32.4,21.1,0.0,False,,,575
112,link_reorder_benign,benign,30112,out_and_back,11.19,70.2,0.869,50.7,20.1,0.0,False,,,575
113,link_reorder_benign,benign,30113,perimeter,11.95,77.5,1.239,27.6,22.3,0.0,False,,,575
114,link_reorder_benign,benign,30114,survey_box,9.9,48.8,1.469,45.2,28.5,0.0,False,,,575
115,link_reorder_benign,benign,30115,out_and_back,11.06,88.7,0.811,42.2,19.5,0.0,False,,,574
