scenario,seed,route,recall,fpr,precision,n_scored,time_to_detect_s,distance_m,throughput_msgs_per_s,mean_compute_latency_ms
benign,1,survey_box,nan,0.0,nan,575,,1210.3,8261.4,0.4035
benign,2,out_and_back,nan,0.0,nan,575,,1051.6,8374.4,0.3885
benign,3,perimeter,nan,0.0,nan,575,,1086.9,8115.9,0.4031
benign,4,survey_box,nan,0.0,nan,575,,1214.4,8180.8,0.3978
benign,5,out_and_back,nan,0.0,nan,575,,1031.9,8147.1,0.4008
benign,6,perimeter,nan,0.0,nan,575,,1084.0,8230.2,0.3933
gps_spoofing,1,survey_box,0.9266666666666666,0.0,1.0,551,2.200000000000003,1442.9,8254.6,0.39
gps_spoofing,2,out_and_back,0.9266666666666666,0.0,1.0,551,2.200000000000003,1266.0,8113.3,0.3987
gps_spoofing,3,perimeter,0.9333333333333333,0.0,1.0,551,2.0,1299.5,7092.0,0.4824
gps_spoofing,4,survey_box,0.9333333333333333,0.0,1.0,551,2.0,1451.5,8308.4,0.3895
gps_spoofing,5,out_and_back,0.92,0.0,1.0,551,2.4000000000000057,1246.7,7863.4,0.4139
gps_spoofing,6,perimeter,0.92,0.0,1.0,551,2.4000000000000057,1296.4,9301.0,0.345
mavlink_anomaly,1,survey_box,1.0,0.0,1.0,551,0.0,1198.5,10925.7,0.3297
mavlink_anomaly,2,out_and_back,1.0,0.0,1.0,551,0.0,1065.4,10751.8,0.3351
mavlink_anomaly,3,perimeter,1.0,0.0,1.0,551,0.0,1094.1,9746.5,0.3769
mavlink_anomaly,4,survey_box,1.0,0.0,1.0,551,0.0,1228.1,10912.7,0.3308
mavlink_anomaly,5,out_and_back,1.0,0.0,1.0,551,0.0,1036.5,9608.3,0.3815
mavlink_anomaly,6,perimeter,1.0,0.0,1.0,551,0.0,1102.2,10651.6,0.3374
command_injection,1,survey_box,1.0,0.0,1.0,551,0.0,1210.3,7336.0,0.506
command_injection,2,out_and_back,1.0,0.0,1.0,551,0.0,1051.6,7665.8,0.4884
command_injection,3,perimeter,1.0,0.0,1.0,551,0.0,1086.9,7470.4,0.4987
command_injection,4,survey_box,1.0,0.0,1.0,551,0.0,1214.4,7457.7,0.4988
command_injection,5,out_and_back,1.0,0.0,1.0,551,0.0,1031.9,7150.5,0.5229
command_injection,6,perimeter,1.0,0.0,1.0,551,0.0,1084.0,7282.0,0.5135
telemetry_manipulation,1,survey_box,0.9933333333333333,0.0,1.0,551,0.20000000000000284,1210.3,9226.2,0.3458
telemetry_manipulation,2,out_and_back,0.9933333333333333,0.0,1.0,551,0.20000000000000284,1051.6,8947.9,0.3565
telemetry_manipulation,3,perimeter,0.9933333333333333,0.0,1.0,551,0.20000000000000284,1086.9,8996.9,0.3552
telemetry_manipulation,4,survey_box,0.9933333333333333,0.0,1.0,551,0.20000000000000284,1214.4,9336.9,0.3397
telemetry_manipulation,5,out_and_back,0.9933333333333333,0.0,1.0,551,0.20000000000000284,1031.9,9483.4,0.3349
telemetry_manipulation,6,perimeter,0.9933333333333333,0.0,1.0,551,0.20000000000000284,1084.0,8997.9,0.3541
dos,1,survey_box,1.0,0.0,1.0,551,0.0,1210.3,19274.9,0.3856
dos,2,out_and_back,1.0,0.0,1.0,551,0.0,1051.6,20682.4,0.357
dos,3,perimeter,1.0,0.0,1.0,551,0.0,1086.9,17095.0,0.4262
dos,4,survey_box,1.0,0.0,1.0,551,0.0,1214.4,16936.8,0.4531
dos,5,out_and_back,1.0,0.0,1.0,551,0.0,1031.9,18685.7,0.4035
dos,6,perimeter,1.0,0.0,1.0,551,0.0,1084.0,18219.0,0.4113
firmware_integrity,1,survey_box,0.9911111111111112,0.0,1.0,575,0.8000000000000007,1210.3,8331.7,0.3905
firmware_integrity,2,out_and_back,0.9911111111111112,0.0,1.0,575,0.8000000000000007,1051.6,8999.6,0.3587
firmware_integrity,3,perimeter,0.9911111111111112,0.0,1.0,575,0.8000000000000007,1086.9,7706.5,0.428
firmware_integrity,4,survey_box,0.9911111111111112,0.0,1.0,575,0.8000000000000007,1214.4,8723.6,0.3723
firmware_integrity,5,out_and_back,0.9911111111111112,0.0,1.0,575,0.8000000000000007,1031.9,8742.5,0.3694
firmware_integrity,6,perimeter,0.9911111111111112,0.0,1.0,575,0.8000000000000007,1084.0,9086.9,0.3511
