airborne_s,exceed_accel_ms2,exceed_alt_rate_ms,exceed_gps_baro_alt_diff_m,exceed_gps_vfr_speed_diff_ms,exceed_pos_residual_m,exceed_yaw_course_diff_deg,file,hardware,mapping,ml_probe_alarm_rate,ml_probe_lone_threat_rate,n_airborne_ticks,n_airborne_ticks_stale,physics_trigger_rate
184.0,0.0,0.0,0.0,0.0,0.030434782608695653,0.788135593220339,0cf935e3-ee60-4469-9b3f-56990d6064df.ulg,MICOAIR_H743_V2,px4_telemetry,0.13695652173913042,0.13043478260869565,920,106,0.10978260869565218
268.0,0.0,0.0,0.0,0.0,0.0,1.0,36ea4126-a9b3-466b-ae4b-79a37d769e9e.ulg,CODEV_AQUILA_V3,px4_telemetry,0.0029850746268656717,0.0029850746268656717,1340,0,0.002238805970149254
535.6,0.0,0.0,0.0,0.0,0.0,0.870026525198939,78bc8359-91f2-4c87-9e23-b2d110bef7f0.ulg,WGDRONES_DR001,px4_telemetry,0.1407766990291262,0.1407766990291262,2678,0,0.11613144137415982
159.4,0.0,0.0,0.0,0.0,0.0,0.8345323741007195,c63a91d2-2845-47c4-8ea0-8f7ee914c74c.ulg,PX4_FMU_V3,px4_telemetry,0.32496863237139273,0.3237139272271016,797,0,0.2823086574654956
200.20000000000002,0.0,0.0,0.0,0.0,0.0,0.7276995305164319,0ac24534-a693-4570-9377-e04329296c86.ulg,PX4_FMU_V5,px4_telemetry,0.2087912087912088,0.20679320679320679,1001,0,0.14585414585414586
293.40000000000003,0.0,0.0,0.0,0.0,0.0,0.0,1fa13723-cc23-4a85-a0ba-8aa1d4309a90.ulg,PX4_FMU_V4,px4_telemetry,0.0,0.0,1467,0,0.0
168.4,0.0,0.0,0.0,0.0,0.0,0.0,ab789bd0-02e5-4a7d-8c89-fd0dd466e328.ulg,PX4_FMU_V6X,px4_telemetry,0.0,0.0,842,0,0.0
429.20000000000005,0.0,0.00046598322460391424,0.0,0.0,0.0,0.0,b6b3f656-2d25-4d4e-9724-238af082fd69.ulg,PX4_FMU_V6C,px4_telemetry,0.001863932898415657,0.001863932898415657,2146,42,0.0
320.20000000000005,0.0,0.0,0.0,0.0,0.0,0.7608695652173914,9271d8b8-7b86-4403-b465-bf328299ef69.ulg,UVIFY_CORE,px4_telemetry,0.08369768894440974,0.07557776389756403,1601,0,0.05683947532792005
117.4,0.0,0.0,0.0,0.0,0.0,1.0,9bcf66b3-5617-40a8-a671-d83e4fee9618.ulg,GDCX_H743VI,px4_telemetry,0.018739352640545145,0.018739352640545145,587,0,0.0068143100511073255
270.40000000000003,0.0,0.0,0.0,0.0,0.0,0.13513513513513514,72d71748-e015-4eb7-8b20-8e22405bc264.ulg,FREEFLY_ASTRO_FMU_V5X,px4_telemetry,0.09171597633136094,0.07026627218934911,1352,0,0.038461538461538464
169.20000000000002,0.0,0.0,0.0,0.0,0.0,0.0,a305d471-3028-4e95-9759-4fdfa79a30d0.ulg,CZI_TF_MINI,px4_telemetry,0.0,0.0,846,218,0.0
111.4,0.0017953321364452424,0.0,0.0,0.0,0.0,0.7231833910034602,0038550b-0ba3-4b05-a730-2a0533434965.ulg,CUAV_NORA,px4_telemetry,0.4524236983842011,0.4326750448833034,557,52,0.3339317773788151
436.6,0.0,0.0,0.0,0.0,0.0,1.0,b2dcf345-e7d0-4339-8a47-8790fd25890b.ulg,PX4_FMU_V4,px4_telemetry,0.03527256069628951,0.03527256069628951,2183,0,0.03252404947320202
314.0,0.0,0.0,0.0,0.0,0.0,0.007989347536617843,0bd0e7c1-f8e9-48f4-82bc-74d67fdd231a.ulg,CUAV_X7PRO,px4_telemetry,0.041401273885350316,0.02356687898089172,1570,0,0.0025477707006369425
229.60000000000002,0.0,0.0017421602787456446,0.0,0.0,0.0,0.0,2f01f367-ad81-4078-9a42-354ce4f6a958.ulg,MICOAIR_H743,px4_telemetry,0.0,0.0,1148,55,0.0
252.8,0.0,0.0,0.0,0.0,0.0,0.005641748942172073,0a27c22c-661e-42f1-af0a-7551f0353ec4.ulg,CUAV_X7PRO,px4_telemetry,0.04272151898734177,0.0245253164556962,1264,0,0.0007911392405063291
174.8,0.0,0.0011441647597254005,0.0011441647597254005,0.0,0.034324942791762014,0.9090909090909091,60ebc92a-ba05-4f4e-9a81-71760954dce1.ulg,PX4_FMU_V6C,px4_telemetry,0.05263157894736842,0.05148741418764302,874,95,0.041189931350114416
869.0,0.0,0.0,0.0,0.0,0.0,0.5021570319240725,00f6218d-f8bd-4192-aa80-ef48d7128485.ulg,PX4_FMU_V3,px4_telemetry,0.19746835443037974,0.189873417721519,4345,0,0.12888377445339472
651.0,0.0,0.0,0.0,0.0,0.0,1.0,1cff73e2-bb2e-4ca9-bd7b-525f87f0bd13.ulg,PX4_FMU_V4,px4_telemetry,0.04208909370199693,0.04208909370199693,3255,0,0.040245775729646695
451.8,0.0,0.0,0.0,0.0,0.0,0.0,4e149e7b-bcee-4f5f-a4d6-81025c36101e.ulg,PX4_FMU_V6C,px4_telemetry,0.0,0.0,2259,0,0.0
600.2,0.0,0.0,0.0,0.0,0.0,0.7410468319559229,3ec45f76-2e9b-40da-8af7-7c7250641744.ulg,PX4_FMU_V4,px4_telemetry,0.12095968010663112,0.12095968010663112,3001,0,0.07964011996001333
359.6,0.0,0.0,0.0,0.0,0.0,0.0,7db22f39-db5a-4c00-8d4e-fd92311741a1.ulg,PX4_FMU_V5,px4_telemetry,0.0,0.0,1798,0,0.0
281.8,0.0,0.0,0.0,0.0,0.0,0.0,076369b1-2a29-473d-81c5-8f80535e7a64.ulg,PX4_FMU_V6X,px4_telemetry,0.0,0.0,1409,0,0.0
205.20000000000002,0.0,0.0,0.9502923976608187,0.0,0.0,0.7619047619047619,0cf935e3-ee60-4469-9b3f-56990d6064df.ulg,MICOAIR_H743_V2,independent_sensors,0.9658869395711501,0.9590643274853801,1026,0,0.949317738791423
268.0,0.0,0.0,1.0,0.0,0.0,1.0,36ea4126-a9b3-466b-ae4b-79a37d769e9e.ulg,CODEV_AQUILA_V3,independent_sensors,1.0,1.0,1340,0,1.0
535.6,0.0,0.0003734129947722181,1.0,0.0,0.0,0.8666666666666667,78bc8359-91f2-4c87-9e23-b2d110bef7f0.ulg,WGDRONES_DR001,independent_sensors,1.0,1.0,2678,0,1.0
159.4,0.0,0.0,1.0,0.0,0.0,0.8267148014440433,c63a91d2-2845-47c4-8ea0-8f7ee914c74c.ulg,PX4_FMU_V3,independent_sensors,1.0,1.0,797,0,1.0
200.20000000000002,0.000999000999000999,0.0,0.0,0.0,0.0,0.7298578199052133,0ac24534-a693-4570-9377-e04329296c86.ulg,PX4_FMU_V5,independent_sensors,0.22077922077922077,0.20679320679320679,1001,0,0.14585414585414586
293.40000000000003,0.0,0.0,1.0,0.0,0.0,0.0,1fa13723-cc23-4a85-a0ba-8aa1d4309a90.ulg,PX4_FMU_V4,independent_sensors,1.0,1.0,1467,0,1.0
168.4,0.0,0.0,1.0,0.0,0.0,0.0,ab789bd0-02e5-4a7d-8c89-fd0dd466e328.ulg,PX4_FMU_V6X,independent_sensors,1.0,1.0,842,0,1.0
434.8,0.0009199632014719411,0.08003679852805888,1.0,0.0022999080036798527,0.0,0.9375,b6b3f656-2d25-4d4e-9724-238af082fd69.ulg,PX4_FMU_V6C,independent_sensors,1.0,1.0,2174,14,1.0
320.20000000000005,0.0,0.0,1.0,0.0,0.0,0.8175182481751825,9271d8b8-7b86-4403-b465-bf328299ef69.ulg,UVIFY_CORE,independent_sensors,1.0,0.9993753903810119,1601,0,1.0
117.4,0.0,0.0017035775127768314,0.04258943781942078,0.0,0.0,0.9,9bcf66b3-5617-40a8-a671-d83e4fee9618.ulg,GDCX_H743VI,independent_sensors,0.4855195911413969,0.017035775127768313,587,0,0.008517887563884156
270.40000000000003,0.0,0.0,0.027366863905325445,0.0,0.0,0.1375921375921376,72d71748-e015-4eb7-8b20-8e22405bc264.ulg,FREEFLY_ASTRO_FMU_V5X,independent_sensors,0.15606508875739644,0.09763313609467456,1352,0,0.0643491124260355
212.8,0.0,0.0,1.0,0.0,0.0,0.0,a305d471-3028-4e95-9759-4fdfa79a30d0.ulg,CZI_TF_MINI,independent_sensors,1.0,1.0,1064,0,1.0
121.80000000000001,0.0,0.0,0.9146141215106732,0.0180623973727422,0.0,0.672077922077922,0038550b-0ba3-4b05-a730-2a0533434965.ulg,CUAV_NORA,independent_sensors,0.9753694581280788,0.9671592775041051,609,0,0.9326765188834154
436.6,0.0,0.0,1.0,0.0,0.0,1.0,b2dcf345-e7d0-4339-8a47-8790fd25890b.ulg,PX4_FMU_V4,independent_sensors,1.0,1.0,2183,0,1.0
314.0,0.0,0.0,1.0,0.0,0.0,0.004016064257028112,0bd0e7c1-f8e9-48f4-82bc-74d67fdd231a.ulg,CUAV_X7PRO,independent_sensors,1.0,1.0,1570,0,1.0
219.8,0.0,0.003639672429481347,1.0,0.0,0.0,0.0,2f01f367-ad81-4078-9a42-354ce4f6a958.ulg,MICOAIR_H743,independent_sensors,1.0,1.0,1099,104,1.0
252.8,0.0,0.0,1.0,0.0,0.0,0.007052186177715092,0a27c22c-661e-42f1-af0a-7551f0353ec4.ulg,CUAV_X7PRO,independent_sensors,1.0,1.0,1264,0,1.0
193.8,0.0,0.0,0.9979360165118679,0.0,0.0,1.0,60ebc92a-ba05-4f4e-9a81-71760954dce1.ulg,PX4_FMU_V6C,independent_sensors,0.9979360165118679,0.9979360165118679,969,0,0.9969040247678018
869.0,0.0,0.0,1.0,0.0,0.0,0.5086655112651647,00f6218d-f8bd-4192-aa80-ef48d7128485.ulg,PX4_FMU_V3,independent_sensors,1.0,1.0,4345,0,1.0
60.2,0.0,0.0,1.0,0.0,0.03986710963455149,0.0,7278db06-fdf7-4d9e-af0c-b768220888e6.ulg,DRONEYEE_ZYRACER_V14,independent_sensors,1.0,1.0,301,27,0.9966777408637874
510.0,0.0,0.000392156862745098,1.0,0.9384313725490196,0.0,0.08441558441558442,db1110a1-8860-4077-a13b-100001a377cb.ulg,CFH_CFH_RK3588,independent_sensors,1.0,1.0,2550,0,1.0
651.0,0.0,0.0,1.0,0.0,0.0,1.0,1cff73e2-bb2e-4ca9-bd7b-525f87f0bd13.ulg,PX4_FMU_V4,independent_sensors,1.0,1.0,3255,0,1.0
451.8,0.0,0.0,1.0,0.0,0.0,0.0,4e149e7b-bcee-4f5f-a4d6-81025c36101e.ulg,PX4_FMU_V6C,independent_sensors,1.0,1.0,2259,0,1.0
600.2,0.0,0.0006664445184938354,1.0,0.0,0.0,0.7265193370165746,3ec45f76-2e9b-40da-8af7-7c7250641744.ulg,PX4_FMU_V4,independent_sensors,1.0,1.0,3001,0,1.0
359.6,0.0,0.0,1.0,0.0,0.0,0.0,7db22f39-db5a-4c00-8d4e-fd92311741a1.ulg,PX4_FMU_V5,independent_sensors,1.0,0.012791991101223582,1798,0,1.0
281.8,0.0,0.0,1.0,0.0,0.0,0.0,076369b1-2a29-473d-81c5-8f80535e7a64.ulg,PX4_FMU_V6X,independent_sensors,1.0,1.0,1409,0,1.0
205.20000000000002,0.0,0.0,0.7982456140350878,0.0,0.0,0.7619047619047619,0cf935e3-ee60-4469-9b3f-56990d6064df.ulg,MICOAIR_H743_V2,independent_sensors_biascorr,0.8421052631578947,0.6744639376218323,1026,0,0.8070175438596491
268.0,0.0,0.0,0.746268656716418,0.0,0.0,1.0,36ea4126-a9b3-466b-ae4b-79a37d769e9e.ulg,CODEV_AQUILA_V3,independent_sensors_biascorr,0.7932835820895522,0.1746268656716418,1340,0,0.7373134328358208
535.6,0.0,0.0003734129947722181,0.48282300224047797,0.0,0.0,0.8666666666666667,78bc8359-91f2-4c87-9e23-b2d110bef7f0.ulg,WGDRONES_DR001,independent_sensors_biascorr,0.672890216579537,0.14600448095593727,2678,0,0.4753547423450336
159.4,0.0,0.0,0.0,0.0,0.0,0.8267148014440433,c63a91d2-2845-47c4-8ea0-8f7ee914c74c.ulg,PX4_FMU_V3,independent_sensors_biascorr,0.32496863237139273,0.3224592220828105,797,0,0.27728983688833125
200.20000000000002,0.000999000999000999,0.0,0.0,0.0,0.0,0.7298578199052133,0ac24534-a693-4570-9377-e04329296c86.ulg,PX4_FMU_V5,independent_sensors_biascorr,0.21978021978021978,0.20679320679320679,1001,0,0.14585414585414586
293.40000000000003,0.0,0.0,0.0,0.0,0.0,0.0,1fa13723-cc23-4a85-a0ba-8aa1d4309a90.ulg,PX4_FMU_V4,independent_sensors_biascorr,0.0,0.0,1467,0,0.0
168.4,0.0,0.0,0.0,0.0,0.0,0.0,ab789bd0-02e5-4a7d-8c89-fd0dd466e328.ulg,PX4_FMU_V6X,independent_sensors_biascorr,0.0,0.0,842,0,0.0
434.8,0.0009199632014719411,0.08003679852805888,0.028518859245630176,0.0022999080036798527,0.0,0.9375,b6b3f656-2d25-4d4e-9724-238af082fd69.ulg,PX4_FMU_V6C,independent_sensors_biascorr,0.05427782888684453,0.02667893284268629,2174,14,0.04231830726770929
320.20000000000005,0.0,0.0,0.0,0.0,0.0,0.8175182481751825,9271d8b8-7b86-4403-b465-bf328299ef69.ulg,UVIFY_CORE,independent_sensors_biascorr,0.08119925046845722,0.07682698313554029,1601,0,0.05808869456589631
117.4,0.0,0.0017035775127768314,0.0,0.0,0.0,0.9,9bcf66b3-5617-40a8-a671-d83e4fee9618.ulg,GDCX_H743VI,independent_sensors_biascorr,0.017035775127768313,0.017035775127768313,587,0,0.005110732538330494
270.40000000000003,0.0,0.0,0.0029585798816568047,0.0,0.0,0.1375921375921376,72d71748-e015-4eb7-8b20-8e22405bc264.ulg,FREEFLY_ASTRO_FMU_V5X,independent_sensors_biascorr,0.13831360946745563,0.08727810650887574,1352,0,0.040680473372781065
212.8,0.0,0.0,0.10526315789473684,0.0,0.0,0.0,a305d471-3028-4e95-9759-4fdfa79a30d0.ulg,CZI_TF_MINI,independent_sensors_biascorr,0.12030075187969924,0.05263157894736842,1064,0,0.10432330827067669
121.80000000000001,0.0,0.0,0.0,0.0180623973727422,0.0,0.672077922077922,0038550b-0ba3-4b05-a730-2a0533434965.ulg,CUAV_NORA,independent_sensors_biascorr,0.451559934318555,0.4269293924466338,609,0,0.3185550082101806
436.6,0.0,0.0,0.717819514429684,0.0,0.0,1.0,b2dcf345-e7d0-4339-8a47-8790fd25890b.ulg,PX4_FMU_V4,independent_sensors_biascorr,0.7860742098030233,0.27530920751259735,2183,0,0.6857535501603298
314.0,0.0,0.0,0.0006369426751592356,0.0,0.0,0.004016064257028112,0bd0e7c1-f8e9-48f4-82bc-74d67fdd231a.ulg,CUAV_X7PRO,independent_sensors_biascorr,0.06624203821656051,0.03821656050955414,1570,0,0.0
219.8,0.0,0.003639672429481347,0.0009099181073703367,0.0,0.0,0.0,2f01f367-ad81-4078-9a42-354ce4f6a958.ulg,MICOAIR_H743,independent_sensors_biascorr,0.05732484076433121,0.007279344858962694,1099,104,0.0
252.8,0.0,0.0,0.0,0.0,0.0,0.007052186177715092,0a27c22c-661e-42f1-af0a-7551f0353ec4.ulg,CUAV_X7PRO,independent_sensors_biascorr,0.07041139240506329,0.048259493670886076,1264,0,0.0007911392405063291
193.8,0.0,0.0,0.9370485036119711,0.0,0.0,1.0,60ebc92a-ba05-4f4e-9a81-71760954dce1.ulg,PX4_FMU_V6C,independent_sensors_biascorr,0.9380804953560371,0.9298245614035088,969,0,0.936016511867905
869.0,0.0,0.0,0.0,0.0,0.0,0.5086655112651647,00f6218d-f8bd-4192-aa80-ef48d7128485.ulg,PX4_FMU_V3,independent_sensors_biascorr,0.19700805523590334,0.18941311852704257,4345,0,0.13026467203682393
60.2,0.0,0.0,0.8604651162790697,0.0,0.03986710963455149,0.0,7278db06-fdf7-4d9e-af0c-b768220888e6.ulg,DRONEYEE_ZYRACER_V14,independent_sensors_biascorr,0.8970099667774086,0.8538205980066446,301,27,0.8538205980066446
510.0,0.0,0.000392156862745098,0.9254901960784314,0.9384313725490196,0.0,0.08441558441558442,db1110a1-8860-4077-a13b-100001a377cb.ulg,CFH_CFH_RK3588,independent_sensors_biascorr,0.9474509803921569,0.9450980392156862,2550,0,0.9380392156862745
651.0,0.0,0.0,0.6522273425499232,0.0,0.0,1.0,1cff73e2-bb2e-4ca9-bd7b-525f87f0bd13.ulg,PX4_FMU_V4,independent_sensors_biascorr,0.7364055299539171,0.4196620583717358,3255,0,0.6359447004608295
451.8,0.0,0.0,0.0,0.0,0.0,0.0,4e149e7b-bcee-4f5f-a4d6-81025c36101e.ulg,PX4_FMU_V6C,independent_sensors_biascorr,0.0,0.0,2259,0,0.0
600.2,0.0,0.0006664445184938354,0.08797067644118627,0.0,0.0,0.7265193370165746,3ec45f76-2e9b-40da-8af7-7c7250641744.ulg,PX4_FMU_V4,independent_sensors_biascorr,0.2862379206931023,0.12562479173608798,3001,0,0.11896034655114962
359.6,0.0,0.0,0.0,0.0,0.0,0.0,7db22f39-db5a-4c00-8d4e-fd92311741a1.ulg,PX4_FMU_V5,independent_sensors_biascorr,0.0,0.0,1798,0,0.0
281.8,0.0,0.0,0.07097232079488999,0.0,0.0,0.0,076369b1-2a29-473d-81c5-8f80535e7a64.ulg,PX4_FMU_V6X,independent_sensors_biascorr,0.08090844570617459,0.0035486160397444995,1409,0,0.0695528743789922
